SKU,MRP
Instant Coffee Freeze Dried 12 Units 100 Gm Jar,525
Instant Coffee Freeze Dried (Decaffeinated) 900 Units 2 Gm Stick Pad,17
Instant Coffee FD Percol Espresso Noir 12 Units 100 Jar,740
Instant Coffee FD Percol Intenzo 12 Units 100 Jar,740
Instant Coffee FD Percol DA Essenza 12 Units 100 Jar,740
Instant Coffee Speciale Agglo 120 Units 50 Gm Pouch,175
Instant Coffee Speciale Agglo 24 Units 50 Gm Jar,190
Instant Coffee Speciale Agglo 30 Units 180 GM Pouch,650
Instant Coffee Speciale Agglo 12 Units 200 Gm Jar,740
Instant Coffee Speciale Agglo 3600 Units 1.2 Gm Stick Pack,2
Instant Coffee Speciale Agglo 48 Units 25 Gm Jar,105
Instant Coffee Speciale Agglo 24 Units 100 Gm Jar,365
Instant Coffee Speciale Flavoured Mocha 24 Units 50 Gm Jar,325
Instant Coffee Speciale Flavoured Caramel 24 Units 50 Gm Jar,325
Instant Coffee Speciale Flavoured Hazelnut 24 Units 50 Gm Jar,325
Instant Coffee Speciale Flavoured Vanilla 24 Units 50 Gm Jar,325
Instant Coffee Speciale SD Flavoured Assorted 24 Units 96 Gm TOT P,240
Instant Coffee Strong SD (53+47) 24 Units 50 Gm Jar,155
Instant Coffee Strong SD (53+47) 24 Units 200 Gm Pouch,200
Instant Coffee Xtra Agglo (70+30)12 Units 200 Gm Jar,565
Instant Coffee Xtra Agglo (70+30) 120 Units 50 Gm Pouch,160
Instant Coffee Xtra Agglo (70+30) 120 Units 50 Gm Pouch(1+1),160
Instant Coffee Xtra Agglo (70+30) 24 Units 100 Gm Jar,275
Instant Coffee Xtra Agglo (70+30) 24 Units 50 Gm Jar,155
Instant Coffee Xtra Agglo (70+30) 30 Units 200 Gm Pouch,525
Instant Coffee Xtra Agglo (70+30) 32 Units 150 Gm Pouch,389
Instant Coffee Xtra Strong SD 2880 Units 2 Gm Sachet,2
Instant Coffee Xtra Strong SD 5760 Units 2 Gm Sachet,2
Instant Coffee Xtra Strong SD 2880 Units 2 Gm Sachet (Pack of 48),2
Instant Coffee Xtra Strong SD 1440 Units 4.5 Gm Sachet,5
THIS - Cappuccino (3-In-1) 48 Units 132 Gm TOT Box (5+1),175
THIS - Cappuccino (3-In-1) 960 Units 22 Gm Sachet,35
THIS - Caramel (3-In-1) 48 Units 132 Gm TOT Box(5+1),175
THIS - Creamy Coffee (2-In-1) 48 Units 160 Gm TOT Box,175
THIS - Creamy Coffee (3-In-1) 48 Units 180 Gm TOT Pack,130
THIS - Hazelnut (3-In-1) 48 Units 132 Gm TOT Box (5+1),175
THIS - Mocha (3-In-1) 48 Units 132 Gm TOT Box(5+1),175
THIS - Premix Gift Box 14 Units 708 Gm Box,780
Premix Iced Tea Lemon 24 Units 140 Gm TOT Box,130
Premix Iced Tea Lemon 32 Units 400 Gm Pouch,190
Malgudi (80+20) Filter Coffee Decoction 40 Units 200 ML Pou,175
Continental THIS IS Cold Coffee 30 Units 180 ML CAN,75
